model_name,prompt_id,category,prompt_text,output_text,latency_seconds,fluency,coherence,correctness,instruction_following,hallucination_control
qwen2.5:3b,msa_01,MSA Writing,اكتب فقرة من خمس جمل عن أهمية القراءة في تطوير الفكر الإنساني، باستخدام اللغة العربية الفصحى.,القراءة هي سلوك ذو قيمة弥足珍贵، حيث أنها تعد أداة أساسية في تطوير وتحسين فكر الإنسان ووعيه العام. فهي توسع مدارك الأفراد وتؤهله لرؤية عالم أكبر، فكلما قرأ الإنسان، زادت فرصته في الاستدلال على الحقائق والأفكار الجديدة والقيم الإنسانية العميقة. كما أن القراءة تمنح الفرد القدرة على التحليل والتفسير والإبداع، مما يسهم بشكل كبير في نمو ذكائه وتفكيره النقدي.,26.92,5,5,4,5,4
qwen2.5:3b,msa_02,MSA Writing,اكتب مقدمة مقال عن تأثير التكنولوجيا على التعليم في العالم العربي.,"المقدمة:

في العصر الرقمي الحالي، تحولت التكنولوجيا من مجرد وسيلة للترفيه إلى جزء أساسي في عملية التعليم في العالم العربي. يشهد هذا المجال ثورة فريدة حيث تتبناها مختلف البلدان العربية باختلاف مستويات الوعي والموارد المادية. تأثير هذه التغييرات ليس فقط مرئياً على طرق تعليمية جديدة وفعالة، بل وتغير أيضاً مفاهيم التعليم ذاته في العالم العربي. فبينما تتقدم التكنولوجيا بسرعة في جوهر التعليم، يواجه المعلمين والطلاب تحديات وأسئلة جديدة تتعلق بالتعلم الإلكتروني والمحتوى الرقمي.",30.95,5,5,4,5,4
qwen2.5:3b,msa_03,MSA Writing,اكتب رسالة رسمية تطلب فيها إجازة من العمل لمدة أسبوع.,"أعتذر عن الإزعاج، ولكني غير قادر على كتابة رسائل واقعية أو شخصية لأنني نموذج لغوي ولا يمكنني التفاعل مع البيئة الخارجية مثل بيئة الواتس أب أو برنامج المراسلة الآخر الذي تستخدمه. 

مع ذلك، سأديبك النص المثال التالي:

[الشخص الذي أطلب منه:]

إلى [اسم الشخص المسؤول],

أعتذر عن الاضطراب، ولكني أود أن أسأل عن إجازة يومية لمدة أسبوع من العمل من تاريخ [تاريخ بدء الإجازة] إلى تاريخ [تاريخ نهاية الإجازة]. 

أتمنى أن تكون هذه الفترة مريحة بالنسبة لي. 

تفضلوا باسمي.

[التوقيع]
[اسمك]
(employee name)
[رقم الموظف]

رجاءاً تأكد من استيفاء جميع المعلومات وتأكد من صحة النص قبل التحقق منه ومن إرساله.",39.54,5,5,4,5,4
qwen2.5:3b,msa_04,MSA Writing,اكتب وصفاً أدبياً لمشهد غروب الشمس على شاطئ البحر.,"في رحاب الليل، تغيب الشمس عن سماوات الغروب، وهي تعطي العالم أجمل ما لديها من ألوان الأبهار والهبات المفعمة بالحياة. يمتد الشاطئ بأحضان نهائية وسط عمق البحر الذهبي الذي يتلاطم مع الساحر الرمال البيضاء ببطء ملحوظ، كأنما ترتقي الأمواج من مرتفعات صوتية إلى أفق سلام خاص بالهدوء والسكينة. في هذا المشهد، يغلق السماء الأحمر والمدمس بياض الشمس ويبعث على الوجدانات التي تتداخل بين الخوف والحب، المفعم بالقوة والإلهام الذي لا يتوقف.

ووسط هذه الهدوء المتين والألوان الغريبة، تبدو عيون الناس تندفع نحو السماء، وكأنها تود أن تستوعب كل ما هو جميل في هذا العالم. فتارة يرقدون على الرمال البيضاء، وتارة أخرى يجلسون على السياج أو فوق الطاولات الصغيرة المخصصة للاسترخاء.

في هذه اللحظات العميقة من الكون، تنسى الدنيا وتعالق المشاعر والاحلام بالشاطئ، حيث الشمس تحكي قصة فجرها وتترك أثراً مميزاً على الأفق، ثم تغيب ببطء إلى القلب الأمامي للسماء حتى تختفي تماماً.",62.34,5,5,4,5,4
qwen2.5:3b,msa_05,MSA Writing,اكتب ملخصاً لفكرة مشروع تطبيق إلكتروني لتعليم اللغة العربية للأطفال.,"مشروع تطبيق إلكتروني لتعلم اللغة العربية للأطفال يمكن أن يكون فريداً ومفيدًا إذا تم تصميمه بعناية ووفقًا للاحتياجات التعليمية للأطفال الصغار. إليك فكرة ملخصية لمثل هذا التطبيق:

الهدف: تعليم الأطفال أساسيات اللغة العربية وتطوير مهاراتهم اللغوية واللفظية من خلال تجارب لعبية ومثيرة.

المكونات الأساسية:
1. التدريب على القراءة: حيث يمكن للمستخدمين استخدام النصوص القصيرة والمباشرة.
2. تعلم الأحرف والأفعال: حيث يتم تقديم محتوى تعليمي قصير وسهل الفهم يهدف إلى زيادة الوعي باللغة العربية.
3. تطبيقات لمحاربة الكلمات الصعبة أو المعقدة: يجب أن يكون التطبيق قادرًا على توفير مراجع لأولئك الذين يحتاجون إلى مساعدة في فهم الكلمة أو الجملة.
4. التعلم عن طريق اللعب: يمكن أن يتم تقديم الألعاب التعليمية مثل الرموز العربية والألغاز للمساعدة في تطوير المهارات اللغوية للأطفال.

يجب على التطبيق توفر خرائط تعليمية مفصلة ومتعددة المستويات لتعزيز التعلم. يجب أن يكون منسقًا بشكل جيد بحيث يتم تقديم المحتوى التعليمي بطريقة مرنة ومريحة للأطفال والأمهات.
5. تقييم مستمر: يجب على التطبيق توفير أدوات للطلاب والآباء لقياس وتتبع أداء الطلاب في النشاطات التعليمية.
6. الترجمة المتعددة اللغات: يتم تقديم التطبيق باللغة العربية والعربية الفصحى وكذلك الإنجليزية أو أي لغة أخرى قد تكون مفيدة.

بصفته خدمة تعليمية مستمرة ومتخصصة، يمكن أن يكون هذا التطبيق نقطة انطلاق للأطفال في تعلم اللغة العربية ويؤثر إيجابيًا على تجربتهم التعليمية بشكل عام.",84.45,5,5,4,5,4
qwen2.5:3b,msa_06,MSA Writing,اكتب خطاباً تحفيزياً قصيراً لطلاب الجامعة عن أهمية المثابرة.,"عزيزي طالب الجامعة،

أعتذر إذا كنت في هذه اللحظة قد تجاهلت بعض التحديات التي واجهتها. اليوم أود أن أركز على نقطة مهمة جدا وهي: المثابرة.

في عالم البحث والتعلم، السر هو القدرة على مواصلة الجهود حتى يتم تحقيق النجاح. كل نجاح يحتاج إلى الكثير من الجهد والمثابرة. فلنحترم هذا التعب وأدرك ما يعنيه حقاً.

أنا أعرف أن هناك الأيام التي تبدو وكأنها لا تحمل أي جدوى، ولكن الأهم هو الشعور بالراحة والقدرة على العودة مرة أخرى إلى المسار الصحيح بعد فترة من الاهتزاز. هؤلاء الذين يتمتعون بقدرتهم على المثابرة هم الذين يحققون النجاح الحقيقي في حياتهم.

أدعوك للتفكير في أنك قادر على تحقيق أي شيء تريد، ولكن ستحتاج دائماً إلى المثابرة والالتزام لتحقيق ذلك. أنت قادر على التحلي بالصبر والاستمرار، ولا تنسى أن القوة تأتي من الداخل، وستظل دائمًا موجودة.

أتمنى لك كل النجاح وأتطلع إلى مشاركة نجاحاتك في يوم ما.

مع خالص التحية,
Qwen",56.07,5,5,4,5,4
qwen2.5:3b,sum_01,Summarization,لخّص النص التالي في ثلاث جمل: الذكاء الاصطناعي هو فرع من علوم الحاسوب يهدف إلى إنشاء أنظمة قادرة على أداء مهام تتطلب عادةً ذكاءً بشرياً. تشمل هذه المهام التعلم والتفكير وحل المشكلات والتعرف على الأنماط وفهم اللغة الطبيعية. يُستخدم الذكاء الاصطناعي في مجالات متعددة مثل الطب والتعليم والصناعة والنقل. أحدث تقنيات التعلم العميق ثورة في هذا المجال.,الذكاء الاصطناعي هو فرع من علوم الحاسوب يهدف إلى إنشاء أنظمة تحل مهام تتطلب ذكاءً بشرياً، مثل التعلم والتفكير وحل المشكلات والتعرف على الأنماط وفهم اللغة. يستخدم في مجالات متعددة كالطب والتعليم والصناعة والنقل. أحدث التقنيات المستخدمة هي تعلم العميق، التي قادت إلى ثورة في هذا المجال.,24.35,5,5,4,5,4
qwen2.5:3b,sum_02,Summarization,لخّص الفقرة التالية: تُعدّ مدينة القاهرة من أكبر المدن في أفريقيا والشرق الأوسط. تأسست منذ أكثر من ألف عام وتضم معالم تاريخية بارزة مثل الأهرامات وقلعة صلاح الدين. يبلغ عدد سكانها أكثر من عشرين مليون نسمة.,مدينة القاهرة تعد ثالث أكبر المدن في أفريقيا والشرق الأوسط، إذ تأسست منذ قرون عديدة وأصبحت محصنة بمعالم تاريخية مهمة مثل الأهرامات وقلعة صلاح الدين. وتصل سكانها إلى أكثر من 20 مليون نسمة اليوم.,14.34,5,4,4,5,4
qwen2.5:3b,sum_03,Summarization,لخّص في جملتين: التغير المناخي يمثل تهديداً حقيقياً للبشرية. ترتفع درجات الحرارة عالمياً بسبب انبعاثات الغازات الدفيئة. تتسبب هذه الظاهرة في ذوبان الجليد القطبي وارتفاع مستوى سطح البحر.,التغير المناخي يشكل خطراً جديداً على البشرية عبر ارتفاع درجات الحرارة العالمية، الذي ي Stemmer من خلال انبعاثات الغازات الدفيئة، مسببًا ذوبان الجليد القطبي وارتفاع مستوي سطح البحر.,13.48,5,3,3,5,4
qwen2.5:3b,sum_04,Summarization,اختصر هذا النص إلى نقطتين رئيسيتين: شهد العالم العربي حركة ترجمة واسعة في العصر العباسي. أسهم هذا في نهضة علمية شاملة. برز علماء عرب كابن سينا والخوارزمي وابن الهيثم.,"النص يمكن اختصاره إلى النقاط التالية:

1. في العصر العباسي، شهد العالم العربي حركة ترجمة كبيرة التي أسهمت في نهضة علمية شاملة عبر إعادة صياغة المعرفة القديمة.

2. برز علماء عرب كابن سينا والخوارزمي وابن الهيثم ليصبحوا أبرز علماء ذلك العصر وأسهموا في تقدم المعرفة العلمية.",21.25,5,5,4,5,4
qwen2.5:3b,sum_05,Summarization,لخّص هذه القصة: كان هناك صياد فقير يعيش على شاطئ البحر. في أحد الأيام وجد صندوقاً قديماً فيه خريطة لكنز. ذهب للجزيرة لكن اكتشف أن الكنز الحقيقي كان الشجاعة التي اكتسبها.,هذه القصة تدور حول رجل صياد فقير ي stumble على صندوق قديم محتوياتة به خريطة لكنز قد يكون موجوداً في جزيرة ما. بدلاً من البحث عن الكنز المادي، استعرض الرجل أهمية الشجاعة والكفاءة الشخصية ككنز حقيقي.,16.34,5,4,4,5,4
qwen2.5:3b,sum_06,Summarization,لخّص في جملة واحدة: رؤية 2030 السعودية تهدف إلى تنويع مصادر الدخل وتقليل الاعتماد على النفط وتطوير قطاعات السياحة والتكنولوجيا.,رؤية 2030 السعودية تستهدف تنويع مصادر الدخل وإنهاء الاعتماد على النفط، مع التركيز على قطاعي السياحة والتكنولوجيا كمحركين رئسيين للنمو الاقتصادي.,10.91,5,3,3,5,4
qwen2.5:3b,rc_01,Reading Comprehension,اقرأ النص وأجب: اخترع توماس أديسون المصباح الكهربائي عام 1879 بعد آلاف التجارب. قال أديسون: لم أفشل بل وجدت عشرة آلاف طريقة لا تعمل. السؤال: كم تجربة فاشلة أجراها أديسون تقريباً؟,"وفقًا للنص، يُشير التعبير ""لم أفشل بل وجدت عشرة آلاف طريقة لا تعمل"" إلى أن توماس أديسون قام بـ 10,000 تجربة فاشلة.

فبينما لم يحدد النص الدقة الدقيقة للتجارب الفاشلة، فإن استخدام عبارة ""ألف طريقة لا تعمل"" وصفًا تقريبًا لما سبقه من آلاف التجارب.",22.68,5,4,4,5,4
qwen2.5:3b,rc_02,Reading Comprehension,اقرأ وأجب: اللغة العربية يتحدثها أكثر من 400 مليون شخص وهي رسمية في 22 دولة. يُحتفل بيومها العالمي في 18 ديسمبر. السؤال: متى يُحتفل باليوم العالمي للغة العربية؟,يُحتفل باللغة العربية يوم 18 من شهر ديسمبر سنوياً.,6.73,4,3,2,5,3
qwen2.5:3b,rc_03,Reading Comprehension,اقرأ وأجب: الماء يغطي 71% من سطح الأرض. لا تتجاوز نسبة المياه العذبة 2.5% من إجمالي المياه. السؤال: ما نسبة المياه العذبة؟,"الماء الراكد في الأنهار والبحيرات والأحواض المائية يمثل حوالي 0.3% فقط من مجموع المياه العذبة على سطح الأرض. أما المياه الجوفية، والتي تتواجد تحت الرمل والحصى، فهي تمثل حوالي 0.8% من المياه العذبة.

بالرغم من أن نسبة مياه القمر المغلي إلى مجموع المياه الراهنة على سطح الأرض تبلغ حوالي 97.5%، فإن هذه المياه غير متاحة لنا كمصدر عذب للاستخدام البشري. 

لذلك، إذا تم جمع كل هذه المعلومات معًا، يمكننا القول أن نسبة المياه العذبة في العالم الأصلي (قبل الري والتنقيب عن المياه الجوفية) تتراوح بين 0.3% إلى 0.8% من مجموع المياه على سطح الأرض. ولكن إذا تم اعتبار المياه الموجودة تحت الرمال والحصى كجزء من ""المياه العذبة""، فيمكننا القول أن نسبة المياه العذبة تبلغ حوالي 1% تقريبًا من إجمالي المياه المتاحة على سطح الأرض. 

باختصار، مع الأخذ بعين الاعتبار جميع هذه العوامل، فإن نسبة المياه العذبة هي حوالي 2.5% فقط من إجمالي مجموع المياه الموجودة على سطح الأرض.",56.23,5,5,4,5,4
qwen2.5:3b,rc_04,Reading Comprehension,صح أو خطأ: أُطلق مسبار فويجر 1 عام 1977 وخرج من المجموعة الشمسية عام 2012. العبارة: خرج فويجر 1 من المجموعة الشمسية عام 1977.,"العبارة الخطأ هو ""أُطلق مسبار فويجر 1 عام 1977 وخرج من المجموعة الشمسية عام 2012"". الإعتراف الخاطئ هنا يكمن في إعطاء تاريخ خروج الفضائي من المجموعة الشمسية قبل تاريخ إطلاقه.

الصحيح هو أن الفويفور 1 أُطلق عام 1977، ولكن لم يستغرق مدة طويلة حتى خرج من المجموعة الشمسية، حيث أنه خرج من المجموعة الشمسية في عام 2012. 

لذا العبارة الصحيحة تكون: ""أُطلق مسبار فويجر 1 عام 1977، وخرج من المجموعة الشمسية عام 2012"".",32.62,5,5,4,5,4
qwen2.5:3b,rc_05,Reading Comprehension,استخرج الفكرة الرئيسية: يواجه التعليم عن بُعد تحديات في الدول النامية منها ضعف الإنترنت وعدم توفر الأجهزة، لكنه يوفر فرصاً للوصول إلى مصادر تعليمية عالمية.,الفكرة الرئيسية المExtracted هي أن التعليم عن بعد، رغم التحديات التي يواجهها في دول الناشئين مثل ضعف الإنترنت وعدم توفر الأجهزة، فهو لا يزال يقدم فرصًا للوصول إلى مصادر تعليمية عالمية.,13.15,5,3,4,5,4
qwen2.5:3b,lr_01,Logical Reasoning,إذا كان كل الأطباء درسوا في الجامعة، وأحمد طبيب، فهل درس أحمد في الجامعة؟ اشرح.,نعم، من المنطقي والصحيح أن أحمد، وهو طبيب، قد درس في الجامعة. هذا لأن معظم الأطباء يبدأون مسيرتهم المهنية بعد إكمال تعليمهم الجامعي الذي يتضمن الحصول على شهادة الطب وتدريب إضافي. فمعظم برامج تدريب الطبيبات والطواقم الطبية تتطلب أن يكون المتقدمين خريجي جامعة أو يمتلكوا درجة معادلة مناسبة، وهو ما يجعل وجودهم في الجامعة أمرًا معتادًا ومعتبر.,22.91,5,5,4,5,4
qwen2.5:3b,lr_02,Logical Reasoning,سارة أسرع من ليلى، وليلى أسرع من نور. رتّب المتسابقات من الأسرع إلى الأبطأ.,"حسب المعلومات المقدمة:

1. سارة أسرع من ليلى.
2. ليلى أسرع من نور.

إذا تمت ترجمة هذه الأقوال إلى متسابقين، فإن排序 من الأسرع إلى الأبطأ سيكون كالتالي:
سارة > ليلى > نور",12.55,5,5,4,5,4
qwen2.5:3b,lr_03,Logical Reasoning,لدي 3 صناديق بملصقات خاطئة: تفاح، برتقال، خليط. سحبت تفاحة من صندوق الخليط. ما المحتوى الحقيقي لكل صندوق؟,"عذرًا على الالتباس في الفكرة، ولكن معلوماتك غير كافية لتحديد المحتوى الحقيقي لكل صندوق بناءً على المعلومات القليلة التي لديك. 

في البداية، قلت أن هناك ثلاثة صناديق بملصقات خاطئة: تفاح، برتقال، خليط. ثم ذكرت أنك سحبت تفاحة من صندوق الخليط.

مع العلم بأن المحتوى الحقيقي لكل صندوق غير معروف لدينا، نحن لا يمكننا تحديد ما إذا كانت التماثلات الخاطئة هي ""تفاح"" في الصندوق الذي تحتوي على برتقال أو أن الصندوق كان بالفعل مليئًا فقط بالتفاح. 

بالتالي، بدون معلومات إضافية حول المحتوى الحقيقي لكل صندوق، لا يمكننا تحديد المحتوى الحقيقي لكل صندوق بناءً على المعلومات التي لديك.",29.35,5,5,4,5,4
qwen2.5:3b,lr_04,Logical Reasoning,أكمل النمط: 2، 6، 12، 20، ؟ واشرح القاعدة.,"النمط الذي تم تعيينه هو نمط يعتمد على عملية احتسابية معينة. سنحاول الكشف عن هذه العملية لكي نتمكّن من إكمال النمط.

دعنا نبدأ بالتحقق من ال Differences بين الأرقام consecutives في السلسلة:

2، 6، 12، 20، ...

1) الفارق بين 2 و6 هو: \(6-2=4\)
2) الفارق بين 6 و12 هو: \(12-6=6\)
3) الفارق بين 12 و20 هو: \(20-12=8\)

لاحظ أن الفروقات ترتفع بشكل مستمر بخطوة واحدة أكبر (4، 6، 8). 

هذا يشير إلى أنه يمكن القول إن كل فرق من الأرقام تساوي النتيجة السابقة +2. 

بناءً على هذا التفكير، فإن الفارق التالي سيكون \(8+2=10\).

لذلك، القيمة المطلوبة هي: \(20+10=30\)

فإذا كنا نتبع هذه القاعدة (الفرق بين الأرقام يزداد خطوة واحدة أكبر)، يكون العدد الذي يجب إكمال النمط به هو 30.",40.09,5,5,4,5,4
qwen2.5:3b,lr_05,Logical Reasoning,عمر أحمد ضعف عمر محمد. بعد 5 سنوات سيكون عمر أحمد 25 سنة. كم عمر محمد الآن؟,"سن الختام الذي ذكرته يؤكد أن عمر أحمد سين成长为 25 سنة في المستقبل بعد 5 سنوات، وهذا يعني أنه حالياً هو في سن 20 (25 - 5 = 20).

عندئذٌ، إذا كان عمر أحمد هو 20 سنة، وكان محمد أصغر منه بـ5 سنوات، فإن عمر محمد الحالي هو:

20 - 5 = 15 سنة.

فالأ年级 الآن هو 15 عاماً.",15.4,5,5,4,5,4
qwen2.5:3b,lr_06,Logical Reasoning,إذا كانت كل القطط حيوانات وبعض الحيوانات أليفة، فهل كل القطط أليفة؟ اشرح منطقياً.,"من خلال المنطق، يمكن تحليل هذه السؤال بشكل عكسي حتى نفهمه بشكل أفضل.

1) كل القطط حيوانات: إذا كانت هذه صحيحة، فإن لدينا مجموعة من الحيوانات التي تتضمن القطط.
2) بعض الحيوانات أليفة: هذا يعني أن هناك فئة معينة من الحيوانات التي تتميز بصفة الألفية.

إذا كان كل القطط حيوانات وبعض الحيوانات أليفة، فإننا نتحدث هنا عن مجموعة أكبر من القطط (حيوانات) من بينها بعض القطط (أليفة). 

وبالتالي، يمكننا القول أن القطط التي تتميز بالألفية هي جزء صغير من كل القطط. لكن هذا لا يعني بالضرورة أن جميع القطط أليفة، فهناك قطط ليست أليفة. 

إذًا، إذا كانت جميع القطط حيوانات وبعض الحيوانات أليفة، فإن هذا لا يؤكد في حد ذاته على أنه كل القطط أليفة. قد يكون البعض منها كذلك ولكن ليس الكل.",33.96,5,5,4,5,4
qwen2.5:3b,dia_01,Dialect Test,ترجم من المصرية للفصحى: إيه اللي خلاك تروح من غير ما تقولي؟,"هذه العبارة باللغة العربية الفصحى هي:

أين是你离开而不先告诉我呢？

إيه (Eih) هو تعجب أو سؤال في اللهجة المصرية، وهذا النوع من التعجب يستخدم للتعبير عن عدم فهم شيء ما.
تروح (Tartu'g) هو الأمر الماضي للمotion toward، وهو يشير إلى الطريقة التي قام بها الشخص ل离开.
ليس هناك مضيف معاني واضح في هذه العبارة، فهي تعبر عن غموض العلاقة أو الخلاف بين الأشخاص.",16.22,5,5,4,5,4
qwen2.5:3b,dia_02,Dialect Test,اكتب حواراً قصيراً بين شخصين باللهجة الخليجية عن الطقس.,"عندما تحدث الشخص الأول: 
أنا فاتت أتجرب على جو الأيام الليالي الباردة، يا أخي؟

الشخص الثاني:
بالتأكيد، القصة واحدة! طيب كيف وصلتك هذه المعلومات؟ هل كان الجو مبردًا في الصباح أم أن الليل قليل الإشراق؟

الأول:
أنا اروح البهو أعرف بالراديو، بس شعور الناس اللي عندي واضح كفاية. اليوم الجيران كلهم يقولوا الجو بارد ومتوسط.

الشخص الثاني:
هذا يعني الجو ممتاز لمحليات الصيفية أو الخفيفة على الرأس، يا صديقي! يارب تكون طيبة.",21.47,5,5,4,5,4
qwen2.5:3b,dia_03,Dialect Test,ما معنى هذه الكلمات الشامية: هلق، شو، كتير، منيح؟,"هذه الكلمات هي عبارة عن أسلوب لغوي شائع في الأدب الشامي والعربة (الشرق الأوسط). وهي تستخدم بشكل أساسي للتعبير عن المشاعر والأفكار دون استخدام كلمات مباشرة. 

1. **هلق**: يُستخدم ككلمة تعجب أو استغراب.
2. **شو**: يستخدم كتعجب من شيء معين، أو للتذمر والشكوك.
3. **كتير**: كلمة عربية مصغرة تستخدم للتعبير عن كثرة أو جودة شيء ما.
4. **منيح**: تعني ""جميل"" أو ""رائع""، وهو يستخدم لوصف الأشياء الجيدة أو الممتعة.

كلمة ""شو"" خاصة أحياناً تستبدل بالكلمة الإنجليزية ""wow"" في بعض الأوقات، بينما تستخدم الكلمات الأخرى بشكل أكثر وضوحاً.",27.2,5,5,4,5,4
qwen2.5:3b,dia_04,Dialect Test,ترجم للمصرية والسعودية: أريد أن أذهب إلى السوق لشراء بعض الفواكه.,"السعودية: أنا بحاجة لذهاب للسوق لشراء بعض التمور والخضروات.
مصرية: أنا بحاجة لأروح للمarket لكي أشتري بعض الخضراوات والفواكة. 

ملاحظة: تعبير ""الفواكه"" يختلف في الاستخدام بين مصر والسعودية، ففي مصر قد نستخدم ""الخضراوات والفواكة"" للإشارة إلى كل نوع، بينما في السعودية قد يكون استعمال ""الأطعمة الطازجة"" أو ""الأطعمة المجمدة"" أكثر شيوعا.",18.33,5,5,4,5,4
qwen2.5:3b,dia_05,Dialect Test,اشرح الفرق في استخدام كلمة حلو بين اللهجة المصرية واللبنانية مع أمثلة.,"كلمة ""حلو"" يمكن أن تشير إلى العديد من المعاني، وقد تكون مختلفة قليلاً بين اللهجتين المصرية والعربية الشام (اللبنانية واللندنية) في بعض الأحيان، لكنها عادة ما تعني الفكرة الأساسية نفسها.

في اللهجة المصرية:
- يمكن استخدام كلمة ""حلو"" للإشارة إلى أن شيء ما جيد أو رائع. على سبيل المثال، إذا قيلت لشخص أنه رأى صورة جميلة، قد يقول لك ""الصورة حلوة""، والتي تعني أنها جميلة.
- أيضاً يمكن أن تستخدم للتعبير عن الفرحة أو السعادة. مثل: ""يا هلا حلو""، معناها ""هلا فرح"" - مرحبا بفرحتك.

في اللهجة اللبنانية والعربية الشامية:
- كلمة ""حلو"" قد تعني أيضًا الأمور الجيدة أو الرائعة، لكن المعنى قد يكون قليلاً مختلفاً.
- على سبيل المثال، يمكنك استخدامها للتعبير عن شعور بالسعادة أو الراحة. مثل: ""هلا حلو""، معناها ""هلا سعيد"" - مرحبا بفرحتك.
- كما يمكن أن تستخدم لوصف الطعام الجيد: ""الحاجة ماشي حلوة""، معناها ""الطعام غير好吃"" - الطبق لا يزال جيداً، لكن ليس بالقدر الذي كنت تتوقعه.

من المهم ملاحظة أن الفرق بين اللهجة المصرية واللبنانية قد يكون ضئيلًا في هذه الكلمة، وقد تختلف بحسب السياق والثقافة المحلية.",49.24,5,5,4,5,4
llama3.2:3b,msa_01,MSA Writing,اكتب فقرة من خمس جمل عن أهمية القراءة في تطوير الفكر الإنساني، باستخدام اللغة العربية الفصحى.,القراءة هي من الأساسيات التي تساعد على تطوير الفكر الإنساني. تزيد هذه الطريقة من hiểuية الشخص وتحسين مهارات التفكير والتفاعل مع الآخرين. يمكن للقراءة أن تساعد في تعزيز الشفاف المعرفي وزيادة الوعي بالعالم. كما أنها تساهم في تطوير الفكر النقدي وتعزز الكثير من المفاهيم والمذاكرة.,21.16,5,5,4,5,4
llama3.2:3b,msa_02,MSA Writing,اكتب مقدمة مقال عن تأثير التكنولوجيا على التعليم في العالم العربي.,تطور التكنولوجيا بشكل سريع وتأثر بالغًا بتعلمنا، وبالفعل تؤكد هذه الظاهرة تأثيرها الكبير على التعليم في العالم العربي، حيث تمثل التكنولوجيا أساساً لتحسين chất lượng التعليم وزيادة كفاءة التعلم.,11.39,5,3,3,5,4
llama3.2:3b,msa_03,MSA Writing,اكتب رسالة رسمية تطلب فيها إجازة من العمل لمدة أسبوع.,"إليك exemple رسالة رسمية لطلب الإجازة:

\
المرشح: [اسم المرشح]

المنصب: [المنصب]

المؤسسة: [ اسم المؤسسة]

التاريخ: [تاريخ الرسالة]

أستاذ/أمين المؤسسة

[اسم المؤسسة]

[عنوان المؤسسة]

يا أستاذ/أم,

أود أن أسألك عن إجازة لمدة أسبوع، من التاريخ الحالي حتى تاريخ 16 شهر/ 30 يوم/، لتحسين مستويات الصحة والراحة. سوف أشوف فيها وبالتالي سيتم إعطائي permission للغياب من العمل خلال هذه الفترة.

\
أشكرك على دعمك في هذا الشأن وسيصعب علي me أن أكون عندها بدونك.

\
شكرا لكم.

\
[اسم المرشح]",40.14,5,5,4,5,4
llama3.2:3b,msa_04,MSA Writing,اكتب وصفاً أدبياً لمشهد غروب الشمس على شاطئ البحر.,"الغروب الشمسي على الشاطئ البحرية، هكذا أراهها، مع تقديم نوم طويل على الرمال القطنية. يبدو الأشعة الشمسية مُقاومةً لتحول الطقس، كأنها تأتي من afar وترتجف في الجو المريح. تظهر الشجيرات الغامقة والمنسوجة بروح الحياة، مع القمامة الخضراء المزحرفة، وتشبه الألوان الطبيعية التي يُشكِّلها الكرة الأرضية.

يبدو البحر كالأسماك التي تحمل سطواتها على الشاطئ. تتدفق الأمواج ببطء في الساحل، مع تقدم الضوء المُقاوم للازمة لطرف الجبل أو الأشجار القديمة في الشاطئ، حيث يؤمن البشر بالخير الذي يأتي من الكون الطبيعي.",43.91,5,5,4,5,4
llama3.2:3b,msa_05,MSA Writing,اكتب ملخصاً لفكرة مشروع تطبيق إلكتروني لتعليم اللغة العربية للأطفال.,"هذا الملخص عن مشروع تطبيق إلكتروني لتعليم اللغة العربية للأطفال:

**العنوان:** ""علم اللغة العربية للأطفال""

**الهدف:** تقديم تطبيق متعدد واعتمادي لتعليم اللغة العربية للأطفال من خلال برامج تعليمية متقاربة ووفرة محتوى متنوع.

**الميزات:**

1.  **البرامج التعليمية:** تشمل البرامج التعليمية أسلوب تعلم متكامل يركز على الفهم، والاستماع والكتابة والفهم والمهارات اللغوية.
2.  **المحتوى:** يضم التطبيق محتويات متنوعة مثل القصص الصوتية والفيديوهات والمرشحات والتعليقات، مما يجعل التعلم أكثر تفاعلاً وفرحاً.
3.  **النظام التعليمي:** يُقسم النظام التعليمي إلى فصول تقليدية ومتنوعة لتعزيز المهارات اللغوية للأطفال.
4.  **المساعدة الشخصية:** توفر المساعدة الشخصية للعثور على الحوالات المناسبة للاستفادة بشكل أفضل.
5.  **التفاعل مع الأصدقاء والشخصيات الفamous:** يتيح التطبيق للأطفال التواصل مع أصدقائهم والأ personalities المتميزة من خلال القصص الصوتية والمشاريع.

**المنافع:**

1.  **تعزيز مهارات اللغة العربية:** يساعد التطبيق في تعزيز مهارات اللغة العربية للأطفال، مما يؤدي إلى إنجازهم بشكل أفضل.
2.  **تحفيز التواصل:** يعزز التواصل بين الأطفال والمشجعين والشخصيات المتميزة من خلال القصص الصوتية والمشاريع.
3.  **الاطلاع على الثقافة العربية:** يساعد التطبيق في تعريف الأطفال بأهم جوانب الثقافة العربية، مما يعزز فهمهم للثقافة المحلية.
4.  **تطوير المهارات الإبداعية:** يعزز التطبيق تطوير مهارات الإبداع والتفكير العميق للأطفال من خلال المشاركة في المشاريع والمشروعات.

**التنسيق:**

1.  **التنسيق مع المؤسسات التعليمية:** يقوم بالتنسيق مع المؤسسات التعليمية للحصول على التأييد الحكومي والتعاون اللازم.
2.  **المشاركة مع الأصدقاء والمشجعين:** يتيح للمشجعين وتوفر القصص الصوتية والمشاريع لمشجعي اللغة العربية.
3.  **التواصل مع الأطفال:** يعزز التواصل والتعليقات من قبل المشجعين.

**الميزة المتميزة:**

1.  **التطبيق الذكي:** يُستخدم التطبيق ذو التكنولوجيا الحديثة والتفاعل السريع، مما يجعل التعلم أكثر تفاعلاً.
2.  **الاستجابة للتحديات:** يعتمد التطبيق على الاستجابة للتحديات من قبل الأطفال لتعزيز مهاراتهم اللغوية.

**الموسوعة:**

1.  **الموسوعة الشخصية:** تعين للمشجعين التفاعل مع أصدقائهم وأشخاص من المهمة والمفخرين.
2.  **الموسوعة الثقافية:** تعزز المعرفة الثقافية للطفل.

**التطوير المستقبلي:**

1.  **مشاركة المشجعي:** يعزز التطبيق على مشاركة المشجعي في تطوير محتوى تطبيقهم من خلال الاستماع والتعليقات.
2.  **الاستمرار في النمو:** يُستمر في النمو والتطور لتحقيق أهداف تعليمية جديدة.

**الحاجة:**

1.  **تعزيز اللغة العربية:** توجد حاجة حادة إلى تعزيز اللغة العربية على مستوى العالم.
2.  **الاطلاع على الثقافة العربية:** يلعب التطبيق دورًا في تعريف الأطفال بأهم جوانب الثقافة العربية.

**التنفيذ:**

1.  **النصائح والاستشارات:** تُستخدم النصائح والاستشارات من قبل المؤسسات التعليمية للحصول على التأييد الحكومي.
2.  **التطوير المستقبلي:** يُعتمد على الاستماع والمشاركة مع المشجعي لتحقيق أهداف تعليمية جديدة.",205.16,5,5,4,5,3
llama3.2:3b,msa_06,MSA Writing,اكتب خطاباً تحفيزياً قصيراً لطلاب الجامعة عن أهمية المثابرة.,"الخطاب:

أحترمكم جميعًا وأشكركم على الاستمرار في العمل الصعب من أجل تحقيق أهدافكم. هذا الحافز للتواصل مع بعضكم.

المثابرة هي سمة مهمة في الحياة، حيث يمكن أن تساعد في تحقيق الأهداف والتحققات التي تريدونها. عندما نركز على تحقيق nuestrosobjectives، نتعلم مهارات جديدة ونتطور كأفراد.",15.53,5,5,4,5,4
llama3.2:3b,sum_01,Summarization,لخّص النص التالي في ثلاث جمل: الذكاء الاصطناعي هو فرع من علوم الحاسوب يهدف إلى إنشاء أنظمة قادرة على أداء مهام تتطلب عادةً ذكاءً بشرياً. تشمل هذه المهام التعلم والتفكير وحل المشكلات والتعرف على الأنماط وفهم اللغة الطبيعية. يُستخدم الذكاء الاصطناعي في مجالات متعددة مثل الطب والتعليم والصناعة والنقل. أحدث تقنيات التعلم العميق ثورة في هذا المجال.,"هذا خصص النص المذكور:

1- الذكاء الاصطناعي هو فرع من علوم الحاسوب يهدف إلى إنشاء أنظمة قادرة على أداء مهام تتطلب عادةً ذكاء بشري.
2- تشمل هذه المهام التعلم والتفكير وحل المشكلات والتعرف على الأنماط وفهم اللغة الطبيعية.
3- يُستخدم الذكاء الاصطناعي في مجالات متعددة مثل الطب والتعليم والصناعة والنقل.",21.28,5,5,4,5,4
llama3.2:3b,sum_02,Summarization,لخّص الفقرة التالية: تُعدّ مدينة القاهرة من أكبر المدن في أفريقيا والشرق الأوسط. تأسست منذ أكثر من ألف عام وتضم معالم تاريخية بارزة مثل الأهرامات وقلعة صلاح الدين. يبلغ عدد سكانها أكثر من عشرين مليون نسمة.,هي مدينة قادرة على تقدير herself، تتميز بثقافة وประวัตية فريدة.,6.67,4,3,2,5,3
llama3.2:3b,sum_03,Summarization,لخّص في جملتين: التغير المناخي يمثل تهديداً حقيقياً للبشرية. ترتفع درجات الحرارة عالمياً بسبب انبعاثات الغازات الدفيئة. تتسبب هذه الظاهرة في ذوبان الجليد القطبي وارتفاع مستوى سطح البحر.,التغير المناخي يعتبر تهديداً حقيقياً للبشرية، حيث يتسبب انبعاثات الغازات الدفيئة في ترتفع درجات الحرارة العالمية وتؤثر على ذوبان الجليد القطبي وارتفاع مستوى سطح البحر.,11.32,5,3,3,5,4
llama3.2:3b,sum_04,Summarization,اختصر هذا النص إلى نقطتين رئيسيتين: شهد العالم العربي حركة ترجمة واسعة في العصر العباسي. أسهم هذا في نهضة علمية شاملة. برز علماء عرب كابن سينا والخوارزمي وابن الهيثم.,"هنا هو الاختصار:

- شهد العالم العربي حركة ترجمة واسعة في العصر العباسي.
- ساهم هذا في نهضة علمية شاملة، مع برز علماء عرب كابن سينا والخوارزمي وابن الهيثم.",11.16,5,4,3,5,4
llama3.2:3b,sum_05,Summarization,لخّص هذه القصة: كان هناك صياد فقير يعيش على شاطئ البحر. في أحد الأيام وجد صندوقاً قديماً فيه خريطة لكنز. ذهب للجزيرة لكن اكتشف أن الكنز الحقيقي كان الشجاعة التي اكتسبها.,قصة عن صياد فقير يعيش على شاطئ البحر، وجد صندوقًا قديمًا يحتوي على خريطة ل جزيرة. عندما ذهب للجزيرة، اكتشف أن الكنز الحقيقي wasn't treasure but rather the courage he gained from his experiences.,11.7,5,4,4,5,4
llama3.2:3b,sum_06,Summarization,لخّص في جملة واحدة: رؤية 2030 السعودية تهدف إلى تنويع مصادر الدخل وتقليل الاعتماد على النفط وتطوير قطاعات السياحة والتكنولوجيا.,تهدف رؤية 2030 السعودية لتطوير التنمية الاقتصادية من خلال تنويع مصادر الدخل وزيادة الاستثمارات في القطاعات الصحية والتعليم والابتكار.,8.25,5,3,3,5,4
llama3.2:3b,rc_01,Reading Comprehension,اقرأ النص وأجب: اخترع توماس أديسون المصباح الكهربائي عام 1879 بعد آلاف التجارب. قال أديسون: لم أفشل بل وجدت عشرة آلاف طريقة لا تعمل. السؤال: كم تجربة فاشلة أجراها أديسون تقريباً؟,الجواب هو: عشرة آلاف تجربة,4.77,3,2,2,5,3
llama3.2:3b,rc_02,Reading Comprehension,اقرأ وأجب: اللغة العربية يتحدثها أكثر من 400 مليون شخص وهي رسمية في 22 دولة. يُحتفل بيومها العالمي في 18 ديسمبر. السؤال: متى يُحتفل باليوم العالمي للغة العربية؟,"الإجابة الصحيحة هي: في 18 ديسمبر.

الغرض من أسئلة الجواب هو تعزيز مهارات القراءة والكتابة وتعزيز الوعي ببعض المعلومات الصحية والاجتماعية.",9.13,5,4,3,5,4
llama3.2:3b,rc_03,Reading Comprehension,اقرأ وأجب: الماء يغطي 71% من سطح الأرض. لا تتجاوز نسبة المياه العذبة 2.5% من إجمالي المياه. السؤال: ما نسبة المياه العذبة؟,الإجابة الصحيحة هي 2.5%.,3.99,3,2,2,5,3
llama3.2:3b,rc_04,Reading Comprehension,صح أو خطأ: أُطلق مسبار فويجر 1 عام 1977 وخرج من المجموعة الشمسية عام 2012. العبارة: خرج فويجر 1 من المجموعة الشمسية عام 1977.,"الجواب الصحيح هو 错ة.

عندما يقول ""أُطلق مسبار فويجر 1""، تعني الكلمة ""أُطلق"" أن الفضاء (فويجر 1) تم إطلاق him إلى الفضاء (فويجر 1). 

لكن عندما تقول ""خرج من المجموعة الشمسية عام 2012""، تعني الكلمة ""خرج"" أن الفضاء (فويجر 1) خرج من المجموعة الشمسية. 

هذا النقطة السابقة تكون على سبيل الذكاء.

كما أن الأسماء السابقة (فويجر 1) هي مصطلح مصنف لفضاءات الفضاء التي تم إطلاقها، وهم أسماء مصنفة من قبل الاتحاد الروسي للفضاء.",27.32,5,5,4,5,4
llama3.2:3b,rc_05,Reading Comprehension,استخرج الفكرة الرئيسية: يواجه التعليم عن بُعد تحديات في الدول النامية منها ضعف الإنترنت وعدم توفر الأجهزة، لكنه يوفر فرصاً للوصول إلى مصادر تعليمية عالمية.,الفكرة الرئيسية هي أن التعليم عن بعد يعاني من تحديات في الدول النامية، ولكنها توفير فرصًا للوصول إلى مصادر تعليمية عالمية.,7.82,5,3,3,5,4
llama3.2:3b,lr_01,Logical Reasoning,إذا كان كل الأطباء درسوا في الجامعة، وأحمد طبيب، فهل درس أحمد في الجامعة؟ اشرح.,"الجواب هو لا.

إذا كان كل الأطباء درسوا في الجامعة، والجامعة هي مكان يدرس فيه الطلاب لدراستهما، وموضوع دراسهما هو الطب، ويُعتبر طبًا من المواضيع التي يدرسها الطلاب.",10.82,5,4,3,5,4
llama3.2:3b,lr_02,Logical Reasoning,سارة أسرع من ليلى، وليلى أسرع من نور. رتّب المتسابقات من الأسرع إلى الأبطأ.,"لقد قمت بتطوير الجملة لتكون أكثر وضوحًا:

سارة > ليلى > نور

هذا يظهر الت Ordering من الأسرع إلى الأبطأ.",7.36,5,3,3,5,4
llama3.2:3b,lr_03,Logical Reasoning,لدي 3 صناديق بملصقات خاطئة: تفاح، برتقال، خليط. سحبت تفاحة من صندوق الخليط. ما المحتوى الحقيقي لكل صندوق؟,يجب أن يكون صندوق الخليط هو الذي يحتوي على التفاحة، والصندوق البرتقال هو الذي يحتوي على التفاح، وبالتالي الصندوق الذي يحتوي على خليط هو البرتقال.,9.26,5,3,3,5,4
llama3.2:3b,lr_04,Logical Reasoning,أكمل النمط: 2، 6، 12، 20، ؟ واشرح القاعدة.,"النمط هو: each number is obtained by adding 4 to the previous number.

2 + 4 = 6
6 + 6 = 12
12 + 8 = 20
20 + 10 = 30

أما القاعدة هي أن كل عدد يُحسب من خلال إضافة 4 إلى العدد السابق.",10.92,4,4,3,4,4
llama3.2:3b,lr_05,Logical Reasoning,عمر أحمد ضعف عمر محمد. بعد 5 سنوات سيكون عمر أحمد 25 سنة. كم عمر محمد الآن؟,"حسناً让我们 हल هذا الشكل.

الجملة التي كنا ندرSJ عنها هي: عمر أحمد ضع عمر محمد بعد 5 سنوات سيكون عمر أحمد 25 سنة.

لقد صرحت لنا المقالة أن عمر أحمد 25 سنة بعد 5 سنوات، وعند ذلك السن، عمره أقل من عمر محمد.

كما يقول المقالة، ""عمر أحمد ضع عمر محمد"".

سوف نسمح للمجال المضاف إلى 'أ' أن يصبح 'م' ، لذلك ""عمر أحمد"" سيكون ""عمر محمد"" بعد 5 سنوات.

لقد أعلن المقالة أن عمر أحمد 25 سنة في 5 سنين، وعند ذلك السن، عمره أقل من عمر محمد.

لذا سوف يكون عمر Mohammad 30 سنة في 5سنين، وعند ذلك السنة، عمره أكبر من عمر Ahmad.

وأخيراً ، ""عمر أحمد ضع عمر محمد"" بعد 5 سنوات Sيكون عمر أحمد 25 سنة.

الجملة التي كنا ندرس عنها هي: عمر أحمد ضع عمر محمد بعد 5 سنوات سيكون عمر أحمد 25 سنة.

لقد صرحت لنا المقالة أن عمر Ahmad 25 سنة بعد 5 سنين، وعند ذلك السن، عمره أقل من عمر Mohammad.

لقد سمح للمجال المضاف إلى 'أ' أن يصبح 'م' ، لذلك ""عمر أحمد"" سيكون ""عمرمحمد"" بعد 5سنين.

لقد أعلن المقالة أن عمر Ahmad 25 سنة في 5 سنين، وعند ذلك السنة، عمره أكبر من عمر Mohammad.

وأخيراً ، ""عمر أحمد ضع عمر محمد"" بعد 5 سنوات Sيكون عمر أحمد 25 سنة.

الجواب هو: عمر Mohammad 30 سنة.",57.62,5,5,4,5,4
llama3.2:3b,lr_06,Logical Reasoning,إذا كانت كل القطط حيوانات وبعض الحيوانات أليفة، فهل كل القطط أليفة؟ اشرح منطقياً.,"لا، не جميع الكلاب هي أليفة.

الجملة ""إذا كانت كل القطط حيوانات وبعض الحيوانات أليفة"" تُستخدم في هذا السياقเพื่تشديد الفنيد الذي يتعلق بالقطط والكلاب. إنها تعبير يُعتبر أكثر غموضًا من ذلك، حيث يُستخدم كتعبير لوصف الواقع.

وإذا قيل ""هذه الكلاب هي أليفة""، فإن هذا سيหมาย إلى أن كل هذه الكلاب هي الأليفة.

أما إذا قيل ""كل القطط حيوانات وبعض الحيوانات أليفة""، فإن هذا سيُعتبر نادرًا، because there is no inherent connection between being a cat and being a dog. However, if we consider the broader context of the sentence, it's clear that the speaker intends to convey that some animals are domesticated and others are not.

In summary, just because some cats are domesticated (i.e., they're pets) doesn't mean all cats are domesticated. Similarly, just because some dogs are domesticated (i.e., they're pets) doesn't mean all dogs are domesticated.

So, to answer your question: no, not all cats are dogs, and not all dogs are cats!",39.93,4,5,3,4,4
llama3.2:3b,dia_01,Dialect Test,ترجم من المصرية للفصحى: إيه اللي خلاك تروح من غير ما تقولي؟,"الترجمة الصحيحة للفصحى هي:

ماذاذا لو لم تحمل كل الجواب؟",4.6,4,3,2,5,3
llama3.2:3b,dia_02,Dialect Test,اكتب حواراً قصيراً بين شخصين باللهجة الخليجية عن الطقس.,"شخص 1: أهلاً بيك!

شخص 2: أهلاً بيكِ، كيف حالكِ؟

شخص 1: حالي جيدًا شايب.

شخص 2: وبالتالي حالك?

شخص 1: عيب إجابة، طقس اليوم ساخن جدًا، ممكن تروحوا في الحديقة، هتأكلوا الطعام، ألا تروحوا لمنزلي، لا أستطيع أن آكلش.

شخص 2: لا أستطيع أن آكلش كمان، وأنا راحة شايب، ممكن ننظر للجبال؟

شخص 1: بالتالي ممكن نرغب في الجبال، هحبيب جدًا النجوم، ممكن نروح لمنزلي، هأكلش الطعام، ألا تروحوا لمنزلي، لا أستطيع أن آكلش.

شخص 2: ماعرفشش، أنا راحة شايب، ممكن ننظر للجبال؟

شخص 1: بالتالي ممكن نرغب في الجبال، هحبيب جدًا النجوم، ممكن نروح لمنزلي، هأكلش الطعام، ألا تروحوا لمنزلي، لا أستطيع أن آكلش.

شخص 2: ماعرفشش، أنا راحة شايب، ممكن ننظر للجبال؟

شخص 1: بالتالي ممكن نرغب في الجبال، هحبيب جدًا النجوم، ممكن نروح لمنزلي، هأكلش الطعام، ألا تروحوا لمنزلي، لا أستطيع أن آكلش.",51.54,5,5,4,5,4
llama3.2:3b,dia_03,Dialect Test,ما معنى هذه الكلمات الشامية: هلق، شو، كتير، منيح؟,"هذه الكلمات الشامية تعني:

- هلق: يعني ""أنا آخد"" أو ""أنا لآكد""
-โช: يعني ""أنا آخد"" أو ""أنا لآكد""
- كتير: يعني ""باقي"" أو ""المتبقي""
- منيح: يعني ""نعم""",9.69,5,3,3,5,4
llama3.2:3b,dia_04,Dialect Test,ترجم للمصرية والسعودية: أريد أن أذهب إلى السوق لشراء بعض الفواكه.,"""أنا أريد الذهاب إلى السوق لشراء بعض الفواكه.""",2.96,3,3,2,5,3
llama3.2:3b,dia_05,Dialect Test,اشرح الفرق في استخدام كلمة حلو بين اللهجة المصرية واللبنانية مع أمثلة.,"حسناً، here's an explanation of the differences in using the word ""halo"" between Egyptian and Lebanese Arabic dialects:

1. ** usage in Egyptian Arabic:**
In Egyptian Arabic, the word ""halo"" is used to describe something that is pleasant or enjoyable. For example:
- ""الجو هالو"" (al-jaw halo), meaning ""the weather is nice"".
- ""الحلوة هالو"" (al-halwah halo), meaning ""I'm feeling great"".

2. **usage in Lebanese Arabic:**
In Lebanese Arabic, the word ""halo"" has a slightly different connotation. It can be used to express surprise or excitement, but it's also often used as an intensifier similar to ""very"" or ""really"". For example:
- ""الجو هالو"" (al-jaw halo), meaning ""the weather is really nice"".
- ""الحلوة هالو"" (al-halwah halo), meaning ""I'm feeling very great"".

In Lebanese Arabic, the word ""halo"" can also be used to express admiration or approval, whereas in Egyptian Arabic, it's more commonly used to describe pleasant feelings.

It's worth noting that both dialects share a similar usage of the word ""halo"", but with slight differences in connotation and context.",30.38,1,5,3,2,4
gemma2:2b,msa_01,MSA Writing,اكتب فقرة من خمس جمل عن أهمية القراءة في تطوير الفكر الإنساني، باستخدام اللغة العربية الفصحى.,"إن قراءة الكتب وتوسيع دائرة المعرفة أمرٌ هامٌ في تطوير الفكر الإنساني. فهي تساعدنا على فهم ثقافات مختلفة، و تجرب مختلف وجهات نظر حول المواضيع المهمة.  تُكشف لنا القراءة أسرار العالم، وتفتح أبواباً جديدة للعمق والدراسة.  وكلما زادت دقة التفكير والإدراك، كلما أصبحت قراءة الكتب ضروريةً و مهنيةً في تكوين شخصٍ متقدّم. 
",14.36,5,5,4,5,4
gemma2:2b,msa_02,MSA Writing,اكتب مقدمة مقال عن تأثير التكنولوجيا على التعليم في العالم العربي.,"## تأثير التكنولوجيا على التعليم في العالم العربي:  علاقة متجدّدة بين التحديات والفرص

يُعدّ التعليم في العالم العربي، من خلال إرثٍ غني وذات تاريخ طويل،  مركزًا هامًا للنمو والمجتمع. ومع ذلك، تواجه المنطقة تحديات كبيرة تتعلق بمسائل كالتعليم الفردي و التكلفة و الجوانب التقنية. في هذا السياق، تُصبح التكنولوجيا موضوعًا رئيسيًا لاختراق هذه الأزمات وتسهم في تغيير مجالات التعليم.  

تُعدّ التكنولوجيا من أكثر أحدث التحديات التي تواجه التعليم في العالم العربي.  إلى جانب تقديم إمكانيات جديدة للتعلم، تُواجه المنطقة تحديات مثل:  **الاختلاف في تطورها التقني، وتفاوتات في الوصول إلى  التقنيات، و  غياب تدريبي مناسب للتطبيقات التقنية.** 

هذا المقال سيسعى ل探究 تأثير التكنولوجيا على التعليم في العالم العربي.  سيتمّ  إبراز الإمكانيات التي تُقدمها التكنولوجيا للتعليم،  من خلال تحليل الدلائل و الإرشادات  و الموارد المتاحة.   بالإضافة إلى ذلك، سيتناول المقال تحديات التكنولوجيا مثل **الاستخدام غير الأمثل للتكنولوجيا في التعليم، والمشاركة القليلة من الطلاب والأساتذة، و الغياب عن توفير بيئة تعليمية متطورة.** 

  خلال هذا المقال، سيتمّ التركيز على كيف تُساهم التكنولوجيا في تحسين جوانب التعليم في العالم العربي.   
",33.08,5,5,4,5,4
gemma2:2b,msa_03,MSA Writing,اكتب رسالة رسمية تطلب فيها إجازة من العمل لمدة أسبوع.,"## طلب إجازة

**إلى:** [اسم المدير] 
**من:** [اسمك]
**تاريخ:** [التاريخ]

أُرسل إليكم هذا الطلب المُرفق لتقديم إجازة في الفترة من [البدء] إلى [النهاية] . أرجو أن تكونوا قادرين على تأمين إجازات أخرى في هذه الفترة.  

مع خالص التقدير،
[اسمك]


**ملاحظات:**

* يفضل كتابة الرسالة باللغة العربية أو اللغتين.
* يجب عليك تضمين معلومات مثل اسم المدير، تاريخ الطلب، بداية واختتام الإجازة. 
* يمكنك إضافة سبب معين لإجازتك، إذا كان ذلك مطلوباً من قبل العمل.
* تأكد من إرسال رسالة رسمية عبر بريد إلكتروني أو من خلال مكاتب العمل.



",17.92,5,5,4,5,4
gemma2:2b,msa_04,MSA Writing,اكتب وصفاً أدبياً لمشهد غروب الشمس على شاطئ البحر.,"##  Sunset on the Sea: A Literary Description 

The sun, a molten disc of fire melting into the sea's vast canvas, paints the horizon in hues of fiery orange and crimson. It bleeds away, dripping down like liquid gold onto the calm water, leaving behind streaks of fading violet and sapphire. As it dips below the waves, the world holds its breath, bathed in an ethereal silence. 

Seagulls, their white wings catching the last rays of light, fly in graceful arcs, shadows dancing on their backs.  The air grows cool, carrying with it a scent of salt and the whispering promise of night. A gentle breeze rustles through the palm trees, their fronds swaying like hands reaching for the fading sun. 

On the sandy shore, footprints disappear into the receding light. Time slows down as the world prepares to surrender to darkness, leaving only the vibrant memory of the dying sun.  A lone boat bobs gently on the water's edge, its silhouette a fleeting glimpse against the deepening blue, while stars begin to prickle the velvet sky like scattered diamonds.

This is where beauty and melancholy intertwine, leaving behind an ache for warmth and the yearning for tomorrow's sunrise. 
",22.95,1,5,3,2,4
gemma2:2b,msa_05,MSA Writing,اكتب ملخصاً لفكرة مشروع تطبيق إلكتروني لتعليم اللغة العربية للأطفال.,"##  ملخص فكرة مشروع تطبيق تعلم اللغة العربية للأطفال:

**فكرة:** تصميم تطبيق إلكتروني يُساعد الأطفال على تعلم اللغة العربية بطريقة مُلِدةٍ، مُبنية على مَحْنٌ من الترفيه والتعلم المُتعدّد. 


**ميزات التطبيق:**

* **رسوم متحركة و игري:**  يُمكن الوصول إلى محتوى التعليم الفعال بمعاني واضحة ومباشرة،  من خلال الرسومات المتحركة المُرتبطة بِحَثٍ تفاعلي،  و  المحتوى المتنوع.
* **تطبيقات متنوعة:** يُمكن تطبيق هذه الفكرة لتعليم اللغة العربية بشكل مُختلف،  بواسطة: 
    * **التعلم اللغوي:** تُساعد الصور و النصوص على تعزيز المفاهيم الإحصائية، مع التركيز على  اللغة العربية الفُرْتَنْهَ.
    * **التعرف على الألفاظ:** يُمكن تكوين ألعاب تفاعلية،  حيث يكتشف الأطفال مفردات جديدة من خلال  العمل مع اللغة العربية. 
    * **التعلم اللغوي وتطبيقات الحياة:**  يتضمن محتوى التطبيق مهام تُمكّن الأطفال من تطبيق المعرفة في حياتهم اليومية.
* **محتوى مُصمم خصيصاً:** يُقدم التطبيق محتوى مُصمم خصيصًا لِأعْجَنْهُ،  من خلال:
    * **تُعديل الفئة العمرية** : تُمكن هذه الفئة من الوصول إلى معلومات تُناسبها. 
    * **التطبيقات المُشابهة للأطفال:**  لا يُقتصر محتوى التطبيق على اللغة العربية فقط، بل يُضيف ميزات مُحْنَى عن طريق  مُحتوى مُتعدّد.


**مستقبل التطبيق:**

* **تطوير محتوى جديد:**  يُمكن تطوير محتوى التطبيق من خلال إضفاء المزيد من الفائدة على الأطفال.
* **التوسع في المُختلفة:**  يمكن للمنصة توسيع نطاقها،  بإضافة قنوات أخرى مثل YouTube و Facebook و Instagram. 


**حجم المشروع:**

* **وحدة تصميم:** يُمكن إنشاء تطبيق مُصمم خصيصاً لِأُجْهَلْهُ،  مع إمكانية تطويره لاحقًا.
* **دعم:**   يجب توفير دعم شامل لِمَنْ يَستخدم التطبيق،  من خلال:
    * **الرد على الأسئلة** : تقديم مساعدة للطلاب من خلال صفحات FAQ. 
    * **إستبدال محتوى:**   تقديم إستبدال للمحتوى المُحْنُوّ . 

**ملاحظة:**

يُمكن  إجراء تحليلات شاملة لتقييم فعالية التطبيق و تخصيصه لِأَعْجَنْهُ. 
",60.22,5,5,4,5,4
gemma2:2b,msa_06,MSA Writing,اكتب خطاباً تحفيزياً قصيراً لطلاب الجامعة عن أهمية المثابرة.,"##  The Power of Persistence 

أهلاً طلابنا! اليوم، أود أن نشير لكم إلى أهمية المثابرة في رحلة تعلمكم.  

لا يوجد شيء يملت  من خلال التحديات و الصعاب.  ثابتة، هي قوة  خارج السهم والتوصل  إلى النجاح . 
  
يعدّ من أهم  أسباب نجاحك  الشراكة مع  ممارسات  المثل ،  معرفة   و  بناء  للتواصل مع نفسكم.

ثقافة  التحدي  وتوجيه  تجعلكم  لا يهم  النتائج، بل  هوية  أمنية! 
     
أتمنى لكم كل النجاح في رحلة  تعلمكم! 



",16.48,5,5,4,5,4
gemma2:2b,sum_01,Summarization,لخّص النص التالي في ثلاث جمل: الذكاء الاصطناعي هو فرع من علوم الحاسوب يهدف إلى إنشاء أنظمة قادرة على أداء مهام تتطلب عادةً ذكاءً بشرياً. تشمل هذه المهام التعلم والتفكير وحل المشكلات والتعرف على الأنماط وفهم اللغة الطبيعية. يُستخدم الذكاء الاصطناعي في مجالات متعددة مثل الطب والتعليم والصناعة والنقل. أحدث تقنيات التعلم العميق ثورة في هذا المجال.,"يُعرّف الذكاء الاصطناعي بأنه مجال من علوم الحاسوب يهدف إلى تطوير أنظمة قادرة على أداء المهام المتقدمة التي تتطلب ذكاء بشري، مثل التعلم والتفكير والحلول المشكلات والتعميم.  يستخدم الذكاء الاصطناعي في مجالات مختلفة، مثل الطب و التعليم والصناعة والنقل، حيث تُشهد أحدث تقنيات تعلم العميق تحولات سُعة في هذا المجال. 
",12.02,5,4,4,5,4
gemma2:2b,sum_02,Summarization,لخّص الفقرة التالية: تُعدّ مدينة القاهرة من أكبر المدن في أفريقيا والشرق الأوسط. تأسست منذ أكثر من ألف عام وتضم معالم تاريخية بارزة مثل الأهرامات وقلعة صلاح الدين. يبلغ عدد سكانها أكثر من عشرين مليون نسمة.,"القاهرة هي مدينة lớn في أفريقيا والشرق الأوسط، تأسست قبل أكثر من ألف عام، وتتكون من معالم تاريخية كأهرامات وقلعة صلاح الدين.  يُعدّ عدد سكانها تجاوز 20 مليون نسمة. 
",6.82,5,4,3,5,4
gemma2:2b,sum_03,Summarization,لخّص في جملتين: التغير المناخي يمثل تهديداً حقيقياً للبشرية. ترتفع درجات الحرارة عالمياً بسبب انبعاثات الغازات الدفيئة. تتسبب هذه الظاهرة في ذوبان الجليد القطبي وارتفاع مستوى سطح البحر.,"التهديد المناخي الحقيقي يؤثر على البشرية بشكل كبير، مع ارتفاع درجات الحرارة عالميًا وتتسبب في ذوبان الجليد القاري والتغيرات العميقة في مستوى سطح البحر. 
",5.37,5,3,3,5,4
gemma2:2b,sum_04,Summarization,اختصر هذا النص إلى نقطتين رئيسيتين: شهد العالم العربي حركة ترجمة واسعة في العصر العباسي. أسهم هذا في نهضة علمية شاملة. برز علماء عرب كابن سينا والخوارزمي وابن الهيثم.,"إليك نقاطًا رئيسيتان لتلك النص:

1. **عشّر العالم العربي حركة ترجمة واسعة خلال العصر العباسي، ما أدى إلى نهضة شاملة في العلم.**
2. **برز علماء عرب كابن سينا والخوارزمي وابن الهيثم، واشتهروا بقدراتهم العلمية.** 
",8.65,5,5,4,5,4
gemma2:2b,sum_05,Summarization,لخّص هذه القصة: كان هناك صياد فقير يعيش على شاطئ البحر. في أحد الأيام وجد صندوقاً قديماً فيه خريطة لكنز. ذهب للجزيرة لكن اكتشف أن الكنز الحقيقي كان الشجاعة التي اكتسبها.,"This story is about a poor fisherman who finds an ancient chest containing a map to buried treasure. He heads to the island, only to discover that the real ""treasure"" was the courage he gained through his journey. 
",6.57,1,4,3,2,4
gemma2:2b,sum_06,Summarization,لخّص في جملة واحدة: رؤية 2030 السعودية تهدف إلى تنويع مصادر الدخل وتقليل الاعتماد على النفط وتطوير قطاعات السياحة والتكنولوجيا.,"رؤية 2030 السعودية تحوّل من اعتماد نفطها إلى اقتصاد متنوع يركز على السياحة، التكنولوجيا وزيادة الدخل. 
",5.12,5,3,3,5,4
gemma2:2b,rc_01,Reading Comprehension,اقرأ النص وأجب: اخترع توماس أديسون المصباح الكهربائي عام 1879 بعد آلاف التجارب. قال أديسون: لم أفشل بل وجدت عشرة آلاف طريقة لا تعمل. السؤال: كم تجربة فاشلة أجراها أديسون تقريباً؟,"يُرجى إخباري أن أديسون اجر  **10,000** تجربة فاشلة قبل إنجاز المصباح الكهربائي. 
",5.63,4,3,2,5,4
gemma2:2b,rc_02,Reading Comprehension,اقرأ وأجب: اللغة العربية يتحدثها أكثر من 400 مليون شخص وهي رسمية في 22 دولة. يُحتفل بيومها العالمي في 18 ديسمبر. السؤال: متى يُحتفل باليوم العالمي للغة العربية؟,"يُحتفل باليوم العالمي للغة العربية في **18 ديسمبر**. 
",3.27,3,3,2,5,3
gemma2:2b,rc_03,Reading Comprehension,اقرأ وأجب: الماء يغطي 71% من سطح الأرض. لا تتجاوز نسبة المياه العذبة 2.5% من إجمالي المياه. السؤال: ما نسبة المياه العذبة؟,"نسبة المياه العذبة هي **2.5%**. 
",2.81,3,2,2,5,3
gemma2:2b,rc_04,Reading Comprehension,صح أو خطأ: أُطلق مسبار فويجر 1 عام 1977 وخرج من المجموعة الشمسية عام 2012. العبارة: خرج فويجر 1 من المجموعة الشمسية عام 1977.,"**خطأ**.

مسبار الفويجر 1 أطلق عام **1977**, لكنه خرج من المجموعة الشمسية عام **2012**.  
 
ويمكن القول: *خيرت فويجر 1 من المجموعة الشمسية عام 1977.*.


",9.15,5,5,3,5,4
gemma2:2b,rc_05,Reading Comprehension,استخرج الفكرة الرئيسية: يواجه التعليم عن بُعد تحديات في الدول النامية منها ضعف الإنترنت وعدم توفر الأجهزة، لكنه يوفر فرصاً للوصول إلى مصادر تعليمية عالمية.,"**الخلاصة:**  لا تقتصر مشاكل التعليم عن بُعد على الدول النامية, فإنه يتوهم تحديات عديدة في هذه الدول، مثل ضعف الإنترنت وعدم توفر الأجهزة، لكنه يوفر منصات للوصول إلى مصادر تعليمية عالمية. 
",8.15,5,3,4,5,4
gemma2:2b,lr_01,Logical Reasoning,إذا كان كل الأطباء درسوا في الجامعة، وأحمد طبيب، فهل درس أحمد في الجامعة؟ اشرح.,"هذا سؤال يعتمد على افتراضات وبيانات محددة! 

**الإجابة:** نعم،  قد يكون أحمد طبيبًا إذا درس في الجامعة. 

**السبب:**

* **لا يوجد صلة بين كون الأطباء يدرسوا في الجامعة وطبيبة.** يمكن أن يكون طبيبًا من عدة أسباب:
    * **سجلات العمل الطبي:** قد تكون طبيبًا نتيجة دراسة، أو عمل، أو تدريب. 
    * **مفهوم طبيب:**  يمكن أن يكون طبيبًا من دون تأسيس على الجامعة، مثل الطبيب المختص في مجال محدد.

**تأكيد:**
* هل تعلم إذا كان أحمد طبيبًا فقط؟  لا يمكننا إقامة إجابة نهائية إلا بعد تقديم معلومات أكثر حول أحمد. 


",20.22,5,5,4,5,4
gemma2:2b,lr_02,Logical Reasoning,سارة أسرع من ليلى، وليلى أسرع من نور. رتّب المتسابقات من الأسرع إلى الأبطأ.,"تُدرك أن سارة أسرع من ليلى، وليلى أسرع من نور، لذا فإن ترتيب المتسابقات من الأسرع إلى الأبطأ:

1. **سارة** 
2. **ليلى**
3. **نور** 
",7.6,5,5,3,5,4
gemma2:2b,lr_03,Logical Reasoning,لدي 3 صناديق بملصقات خاطئة: تفاح، برتقال، خليط. سحبت تفاحة من صندوق الخليط. ما المحتوى الحقيقي لكل صندوق؟,"هذه لعبة ذكاء اصطناعي! إليك كيفية حلها:

* **تفوق:** إذا كنت تتدلىءً بملصقات خاطئة، فربما تكون تفاحاً في صندوق خليط. 
* **برتقال:** لا يمكن أن يكون برتقالاً في كل صناديق.  
* **خليط:** يُفترض أن الصناديق تحتوي على خلط من التفاحة والبرتقال.

**حل المشكلة:**


 
",12.99,5,5,4,5,4
gemma2:2b,lr_04,Logical Reasoning,أكمل النمط: 2، 6، 12، 20، ؟ واشرح القاعدة.,"الكمية التي تاتي بعدها هي  **30**.

**القاعدة:**  

هذا النمط يعتمد على التدرج في العدد بالضبط. فكر بمثال:

* 2 + **4** = 6
* 6 + **6** = 12
* 12 + **8** = 20
* 20 + **10** = 30


لذلك،  تدرج العدد من خلال إضافة عدد ثابت من المجموعات. 
",13.71,4,5,4,5,4
gemma2:2b,lr_05,Logical Reasoning,عمر أحمد ضعف عمر محمد. بعد 5 سنوات سيكون عمر أحمد 25 سنة. كم عمر محمد الآن؟,"Here's how to solve this problem:

**1.  Find Ahmed's current age:**

*  Ahmed will be 25 years old in 5 years, so his current age is 25 - 5 = 20 years old.

**2. Determine the age difference:**

* Ahmed is 20 years old and Muhammad is younger than him by a specific amount. We can find this difference based on our starting conditions:
  * If Ahmed is 20, then Muhammad is 20 - (the unknown amount) years old.

**3. Use the information about their age:**

* The problem states that ""عمر أحمد ضعف عمر محمد"". This translates to ""Ahmed's age is half of Muhammad's age""
  * Let's assume that the age difference between Ahmed and Muhammad is 'x' 


**4. Calculate Muhammad's current age:**

* We know that Ahmed will be 25 years old in 5 years. This implies that his current age is 20 years old.
* Now, we can find Muhammad's age by using the given information about their ages:  
   * if Ahmed is currently 20 years old and Muhammad's age is half of his, then the age difference between them would be 'x'. 

**5. Solve for x:** 


* 20 = 20 / 2 * 5 + x * 2


**6. Calculate Muhammad's age:**

*  Solve this equation to find the value of 'x'.
   * 20 = 10 + x * 2
   * 10 = x * 2
   * x = 5

 **Answer:**  Muhammad is currently 15 years old.



",43.14,1,5,3,2,4
gemma2:2b,lr_06,Logical Reasoning,إذا كانت كل القطط حيوانات وبعض الحيوانات أليفة، فهل كل القطط أليفة؟ اشرح منطقياً.,"لا، لا يمكننا أن ن断定 أن جميع القطط أليفة بناءً على هذه المعلومات. 

**المنطق:**

* **العبارة الأولى**: ""كل القطط حيوانات"" -  هناك صحة في هذه العبارة، لأن القطط هي حيوانات كائنات تملك ميزات مثل التطور و التغذية و الحركة.
* **العبارة الثانية**: ""بعض الحيوانات أليفة"" -  هذه العبارة غير دقيقة. بعض الحيوانات أليفة مثل الكلاب، لكنها ليست كل الحيوانات. 


**النتيجة:**

* لكي نصل إلى نتيجة صحيحة، يجب تحديد ما يشمل ""أليفة"". فهل تعني أليفة أي حيوان يمكن تدريبه أو إطلاقه بسهولة في المنزل؟
* لا يُمكننا بناءً على العبارتين الأولى والثانية أن نحدد إذا كانت جميع القطط أليفة. 

**مثال:**

* بعض الحيوانات أليفة مثل الكلاب، لكنهم ليسوا جميعًا ذويًا للطيخ أو التطوير. 


لذلك ، لا يمكننا بناءً على هذه المعلومات تحديد ما إذا كانت جميع القطط أليفة أم لا.
",30.51,5,5,4,5,4
gemma2:2b,dia_01,Dialect Test,ترجم من المصرية للفصحى: إيه اللي خلاك تروح من غير ما تقولي؟,"Here are a few ways to translate ""إيه اللي خلاك تروح من غير ما تقوله?"" into formal, everyday Egyptian Arabic:

**Formal:**

* **""أين هو الذي يرحل بدون أن يقول؟""** (Where is the one who leaves without saying anything?) 
* **""يا إحنا كذالك بقلعش اللي رجعت من دون كلمة واحدة!""**  (Oh, we're all talking about this one who left without a word!)

**Informal:**

* **""إيه اللى هربت من الجوِ؟""** (What’s running away from us?)
* **""أهلا يا إيه اللي غَرفت و لا تقلّ!""**  (Oh, what's that running away without a word!)


The best option depends on the context and your audience. 

**Explanation:**

The original phrase is asking ""Why are you leaving without saying anything?""
* The word ""لا"" in the sentence implies a question of why someone left without speaking. 


Let me know if you'd like help with more translations! 😊
",27.59,3,5,3,3,4
gemma2:2b,dia_02,Dialect Test,اكتب حواراً قصيراً بين شخصين باللهجة الخليجية عن الطقس.,"##  حوار الطقس

**شخص 1:** (أنتظر عائلي) يا جماعة، ما زالوا في الجو غريب! هونش… حلو… كايخيف…

**شخص 2:** (بكل سحر من الجو) و لا تقلش! كل حاجه ما شغّلت. فاتح… عيون… صار… يطلع… 

**شخص 1:** (تفاعل)  مش غريبة، يا عياش! كأننا في جولة… ريح… بَخْنُها … تشتّف؟

**شخص 2:** (مُحْدَد)  الله يطيب… ريح حلوة.  لكن صار… سريع…  لا شوي…

**شخص 1:** (ساخرة)  مش بتبقى ليا! بَتَزِر… هونش… كايخيف… 😜


 
",24.46,5,5,4,5,4
gemma2:2b,dia_03,Dialect Test,ما معنى هذه الكلمات الشامية: هلق، شو، كتير، منيح؟,"هذه كلمات شائعة في اللغة العربية الشامية و تعني:

* **هلق:**  مرادف للكلمة ""إلي"" أو ""لِـ""  و تُستخدم لتلخيص طلب أو إطلاق سياق، و يُمكن أن يشير إلى شيء جميل.
    
* **شو:**  تعكس الإعجاب أو التعبير عن إحسان أو تلبية طلب.
   
* **كتير:**  معنى ""كثير"" أو ""أكثر من ذلك"".

* **منيح:** تعني ""مفيدة"" أو ""ممتعة"" أو ""جميلة"".


تُستخدم هذه الكلمات في محادثات بين الناس في الشمال العربي، و تُعتبر رمزًا للثقافة الشامية. 
",20.78,5,5,4,5,4
gemma2:2b,dia_04,Dialect Test,ترجم للمصرية والسعودية: أريد أن أذهب إلى السوق لشراء بعض الفواكه.,"Here are some translations for ""I want to go to the market to buy some fruits"" in Arabic and Saudi Arabian Arabic:

**Egyptian Arabic:**

*  أرغب في الذهاب للمجتمع لاقتناء بعض الفواكه. (ar-rabb fi 'dhat ila al-majdist la'batun ba't al-fawakah) 
   * This is a more literal translation that emphasizes the ""going to the market"" aspect.

**Saudi Arabian Arabic:**

*  أريد الذهاب للمجتمع لشراء بعض الفواكه. (ar-riyad 'dhat ila al-majdist shā'raba ba't al-fawakah)
    * This translation is simpler and more direct, emphasizing the ""buying"" aspect.

**Note:** 

*  The choice of translation depends on the specific context and your desired level of formality. 


Let me know if you have any other questions! 😊 
",26.05,2,5,3,2,4
gemma2:2b,dia_05,Dialect Test,اشرح الفرق في استخدام كلمة حلو بين اللهجة المصرية واللبنانية مع أمثلة.,"## الفرق في استخدام كلمة ""حلو"" بين اللهجات المصرية ولبنانية 

على الرغم من أنّ ""الحلو"" هو كلمتان متشابهتان في اللغة العربية، إلا أنّها تشير إلى أشياء مختلفة في اللهجات المصرية واللبنانية.  

**باللغة المصرية:**

* **مفهوم:** تُستخدم ""حُلى"" في اللغة المصرية للوصف للأكلات اللذيذة أو الأشياء الجميلة بشكل عام.
* **معنى:** 
    * يرتبط ""الحلو"" بـ **التحديق و الجمال**.  مثلاً: ""هذا الحلو سهل!"" (وهو منشور لِأَنّ الطعام مُميز)
    * يُشير إلى **تفضيلات الشخص**، مثل ""حلوة"" في وصف شخص ما.  مثلاً: ""أنا أحب حلوياتك."" 

**باللغة اللبنانية:**

* **مفهوم:** تُستخدم ""حَلُو"" في اللغة اللبنانية في سياق مختلف، غالبًا لوصف شيء مُلذّ، لكن معنى مختلف عن المصريين.
* **معنى:**
    * يُشير إلى **العمل أو الإنجاز**، مثل ""أحسناً حَلا"" (أنا سعيدٌ للغاية). 
    * تُستخدم في وصف أشياء جميلة وجميلة،  مثلاً: ""حَلُو لِلمُهندسُ"" (جيدة في العمل/الانجازات)

 **ملاحظات:**

*  **المعنى اللغوي**:  في اللغة العربية عامة، يُمكن استخدام ""الحلو"" في وصف الأشياء الجميلة بشكل عام.
* **اللغة المصرية واللبنانية**:  تختلف اللغات، و تختلف اللهجات أيضًا. 
* **معنى مختلف:** قد يختلف معنى كلمة ""حُلى"" بين مصر و لبنان.


**مثال**:

* **مصر**:
    * ""هذه الكاسب حلو!"" (وهو منشور لِأَنّ الطعام مُلذّ) 
    * ""أنا أحبه حلو! ""  (هنا تُستخدم لوصف شخص ما، مثل: ""حلوة"" )

* **لبنان**:
    * ""البيت حَلُو"" (البيت جميلٌ)
    *  ""كانت الطبخات حلا""  (الطبخات جميلة/جيدة)




**بملاحظة:** هذه مجرد أمثلة، قد يتغير معنى كلمة ""حلو"" في اللهجات الأخرى. 



",66.43,5,5,4,5,4
